id;nom;photo;photo_content_type;palier
1;convergence Awesome Steel Pants content;../fake-data/blob/hipster.png;image/png;64605
2;Hawaii deliverables Senior;../fake-data/blob/hipster.png;image/png;77349
3;backing up Administrator parsing;../fake-data/blob/hipster.png;image/png;17057
4;Avon;../fake-data/blob/hipster.png;image/png;91504
5;e-markets calculate;../fake-data/blob/hipster.png;image/png;38437
6;payment;../fake-data/blob/hipster.png;image/png;20089
7;Investment Account;../fake-data/blob/hipster.png;image/png;31719
8;synthesize;../fake-data/blob/hipster.png;image/png;34348
9;Kids Licensed Wooden Ball;../fake-data/blob/hipster.png;image/png;4029
10;e-business bypassing;../fake-data/blob/hipster.png;image/png;73208
